{"1": 0.010878917588951596, "2": 0.033784783226383064, "3": 0.00019802414048353687, "4": 0.0031513005681504027, "5": 0.03065991593933538, "7": 0.021055406222103397, "8": 0.0012829944286427335, "9": 0.038810801438087884, "10": 0.06126559764656486, "11": 0.0011743579380224776, "13": 0.01818158754964121, "14": 0.02250627732883899, "15": 0.04019288809397201, "16": 0.011081122113255458, "17": 0.02020535653136971, "18": 0.03232282927120002, "19": 0.015988933283743356, "20": 0.03197748825019245, "21": 0.037058171662966315, "22": 0.011541371431544805, "23": 0.010156476980257187, "24": 0.055967123337562596, "25": 0.020390301720622825, "27": 0.04342722389926397, "28": 0.02962009171962846, "29": 0.011054489529795536, "30": 0.01879089912766523, "32": 0.009789582734954238, "33": 0.010269128313803926, "34": 0.010205146121355696, "36": 0.011658329635077992, "37": 0.019443685688927584, "38": 0.04003350178797645, "39": 0.023548447211375043, "40": 0.02738122413376039, "41": 0.006461344284923152, "42": 0.050616890577945405, "43": 0.005614930910745938, "44": 0.023508411695862826, "45": 0.047906323223737536, "46": 0.013080483031451635, "47": 0.00942891026564702, "48": 0.01969838710286669, "49": 0.02226542455557991, "50": 0.016365117755763343}